{"cameraMode":{"drawMode":0,"name":"Shaded","section":"Shading Mode"},"sceneLighting":true,"audioPlay":false,"sceneViewState":{"showFog":false,"showMaterialUpdate":false,"showSkybox":false,"showFlares":false,"showImageEffects":false,"showParticleSystems":false},"in2DMode":false,"pivot":{"x":-0.8792373538017273,"y":1097.059326171875,"z":9.982412338256836},"rotation":{"x":0.06012466922402382,"y":-0.07000499218702316,"z":0.004224696196615696,"w":0.995724081993103},"size":27.694034576416017,"orthographic":false}